RevolvingUtilizationOfUnsecuredLines,age,NumberOfTime30-59DaysPastDueNotWorse,DebtRatio,MonthlyIncome,NumberOfOpenCreditLinesAndLoans,NumberOfTimes90DaysLate,NumberRealEstateLoansOrLines,NumberOfTime60-89DaysPastDueNotWorse,NumberOfDependents
0.964672555,40,3,0.382964747,0,9,3,1,1,2
0.964672555,40,3,0.382964747,1001,9,3,1,1,2
0.964672555,40,3,0.382964747,2002,9,3,1,1,2
0.964672555,40,3,0.382964747,3003,9,3,1,1,2
0.964672555,40,3,0.382964747,4004,9,3,1,1,2
0.964672555,40,3,0.382964747,5005,9,3,1,1,2
0.964672555,40,3,0.382964747,6006,9,3,1,1,2
0.964672555,40,3,0.382964747,7007,9,3,1,1,2
0.964672555,40,3,0.382964747,8008,9,3,1,1,2
0.964672555,40,3,0.382964747,9009,9,3,1,1,2
0.964672555,40,3,0.382964747,10010,9,3,1,1,2
0.964672555,40,3,0.382964747,11011,9,3,1,1,2
0.964672555,40,3,0.382964747,12012,9,3,1,1,2
0.964672555,40,3,0.382964747,13013,9,3,1,1,2
0.964672555,40,3,0.382964747,14014,9,3,1,1,2
0.964672555,40,3,0.382964747,15015,9,3,1,1,2
0.964672555,40,3,0.382964747,16016,9,3,1,1,2
0.964672555,40,3,0.382964747,17017,9,3,1,1,2
0.964672555,40,3,0.382964747,18018,9,3,1,1,2
0.964672555,40,3,0.382964747,19019,9,3,1,1,2
0.964672555,40,3,0.382964747,20020,9,3,1,1,2
0.964672555,40,3,0.382964747,21021,9,3,1,1,2
0.964672555,40,3,0.382964747,22022,9,3,1,1,2
0.964672555,40,3,0.382964747,23023,9,3,1,1,2
0.964672555,40,3,0.382964747,24024,9,3,1,1,2
0.964672555,40,3,0.382964747,25025,9,3,1,1,2
0.964672555,40,3,0.382964747,26026,9,3,1,1,2
0.964672555,40,3,0.382964747,27027,9,3,1,1,2
0.964672555,40,3,0.382964747,28028,9,3,1,1,2
0.964672555,40,3,0.382964747,29029,9,3,1,1,2
0.964672555,40,3,0.382964747,30030,9,3,1,1,2
0.964672555,40,3,0.382964747,31031,9,3,1,1,2
0.964672555,40,3,0.382964747,32032,9,3,1,1,2
0.964672555,40,3,0.382964747,33033,9,3,1,1,2
0.964672555,40,3,0.382964747,34034,9,3,1,1,2
0.964672555,40,3,0.382964747,35035,9,3,1,1,2
0.964672555,40,3,0.382964747,36036,9,3,1,1,2
0.964672555,40,3,0.382964747,37037,9,3,1,1,2
0.964672555,40,3,0.382964747,38038,9,3,1,1,2
0.964672555,40,3,0.382964747,39039,9,3,1,1,2
0.964672555,40,3,0.382964747,40040,9,3,1,1,2
0.964672555,40,3,0.382964747,41041,9,3,1,1,2
0.964672555,40,3,0.382964747,42042,9,3,1,1,2
0.964672555,40,3,0.382964747,43043,9,3,1,1,2
0.964672555,40,3,0.382964747,44044,9,3,1,1,2
0.964672555,40,3,0.382964747,45045,9,3,1,1,2
0.964672555,40,3,0.382964747,46046,9,3,1,1,2
0.964672555,40,3,0.382964747,47047,9,3,1,1,2
0.964672555,40,3,0.382964747,48048,9,3,1,1,2
0.964672555,40,3,0.382964747,49049,9,3,1,1,2
0.964672555,40,3,0.382964747,50050,9,3,1,1,2
0.964672555,40,3,0.382964747,51051,9,3,1,1,2
0.964672555,40,3,0.382964747,52052,9,3,1,1,2
0.964672555,40,3,0.382964747,53053,9,3,1,1,2
0.964672555,40,3,0.382964747,54054,9,3,1,1,2
0.964672555,40,3,0.382964747,55055,9,3,1,1,2
0.964672555,40,3,0.382964747,56056,9,3,1,1,2
0.964672555,40,3,0.382964747,57057,9,3,1,1,2
0.964672555,40,3,0.382964747,58058,9,3,1,1,2
0.964672555,40,3,0.382964747,59059,9,3,1,1,2
0.964672555,40,3,0.382964747,60060,9,3,1,1,2
0.964672555,40,3,0.382964747,61061,9,3,1,1,2
0.964672555,40,3,0.382964747,62062,9,3,1,1,2
0.964672555,40,3,0.382964747,63063,9,3,1,1,2
0.964672555,40,3,0.382964747,64064,9,3,1,1,2
0.964672555,40,3,0.382964747,65065,9,3,1,1,2
0.964672555,40,3,0.382964747,66066,9,3,1,1,2
0.964672555,40,3,0.382964747,67067,9,3,1,1,2
0.964672555,40,3,0.382964747,68068,9,3,1,1,2
0.964672555,40,3,0.382964747,69069,9,3,1,1,2
0.964672555,40,3,0.382964747,70070,9,3,1,1,2
0.964672555,40,3,0.382964747,71071,9,3,1,1,2
0.964672555,40,3,0.382964747,72072,9,3,1,1,2
0.964672555,40,3,0.382964747,73073,9,3,1,1,2
0.964672555,40,3,0.382964747,74074,9,3,1,1,2
0.964672555,40,3,0.382964747,75075,9,3,1,1,2
0.964672555,40,3,0.382964747,76076,9,3,1,1,2
0.964672555,40,3,0.382964747,77077,9,3,1,1,2
0.964672555,40,3,0.382964747,78078,9,3,1,1,2
0.964672555,40,3,0.382964747,79079,9,3,1,1,2
0.964672555,40,3,0.382964747,80080,9,3,1,1,2
0.964672555,40,3,0.382964747,81081,9,3,1,1,2
0.964672555,40,3,0.382964747,82082,9,3,1,1,2
0.964672555,40,3,0.382964747,83083,9,3,1,1,2
0.964672555,40,3,0.382964747,84084,9,3,1,1,2
0.964672555,40,3,0.382964747,85085,9,3,1,1,2
0.964672555,40,3,0.382964747,86086,9,3,1,1,2
0.964672555,40,3,0.382964747,87087,9,3,1,1,2
0.964672555,40,3,0.382964747,88088,9,3,1,1,2
0.964672555,40,3,0.382964747,89089,9,3,1,1,2
0.964672555,40,3,0.382964747,90090,9,3,1,1,2
0.964672555,40,3,0.382964747,91091,9,3,1,1,2
0.964672555,40,3,0.382964747,92092,9,3,1,1,2
0.964672555,40,3,0.382964747,93093,9,3,1,1,2
0.964672555,40,3,0.382964747,94094,9,3,1,1,2
0.964672555,40,3,0.382964747,95095,9,3,1,1,2
0.964672555,40,3,0.382964747,96096,9,3,1,1,2
0.964672555,40,3,0.382964747,97097,9,3,1,1,2
0.964672555,40,3,0.382964747,98098,9,3,1,1,2
0.964672555,40,3,0.382964747,99099,9,3,1,1,2
0.964672555,40,3,0.382964747,100100,9,3,1,1,2
0.964672555,40,3,0.382964747,101101,9,3,1,1,2
0.964672555,40,3,0.382964747,102102,9,3,1,1,2
0.964672555,40,3,0.382964747,103103,9,3,1,1,2
0.964672555,40,3,0.382964747,104104,9,3,1,1,2
0.964672555,40,3,0.382964747,105105,9,3,1,1,2
0.964672555,40,3,0.382964747,106106,9,3,1,1,2
0.964672555,40,3,0.382964747,107107,9,3,1,1,2
0.964672555,40,3,0.382964747,108108,9,3,1,1,2
0.964672555,40,3,0.382964747,109109,9,3,1,1,2
0.964672555,40,3,0.382964747,110110,9,3,1,1,2
0.964672555,40,3,0.382964747,111111,9,3,1,1,2
0.964672555,40,3,0.382964747,112112,9,3,1,1,2
0.964672555,40,3,0.382964747,113113,9,3,1,1,2
0.964672555,40,3,0.382964747,114114,9,3,1,1,2
0.964672555,40,3,0.382964747,115115,9,3,1,1,2
0.964672555,40,3,0.382964747,116116,9,3,1,1,2
0.964672555,40,3,0.382964747,117117,9,3,1,1,2
0.964672555,40,3,0.382964747,118118,9,3,1,1,2
0.964672555,40,3,0.382964747,119119,9,3,1,1,2
0.964672555,40,3,0.382964747,120120,9,3,1,1,2
0.964672555,40,3,0.382964747,121121,9,3,1,1,2
0.964672555,40,3,0.382964747,122122,9,3,1,1,2
0.964672555,40,3,0.382964747,123123,9,3,1,1,2
0.964672555,40,3,0.382964747,124124,9,3,1,1,2
0.964672555,40,3,0.382964747,125125,9,3,1,1,2
0.964672555,40,3,0.382964747,126126,9,3,1,1,2
0.964672555,40,3,0.382964747,127127,9,3,1,1,2
0.964672555,40,3,0.382964747,128128,9,3,1,1,2
0.964672555,40,3,0.382964747,129129,9,3,1,1,2
0.964672555,40,3,0.382964747,130130,9,3,1,1,2
0.964672555,40,3,0.382964747,131131,9,3,1,1,2
0.964672555,40,3,0.382964747,132132,9,3,1,1,2
0.964672555,40,3,0.382964747,133133,9,3,1,1,2
0.964672555,40,3,0.382964747,134134,9,3,1,1,2
0.964672555,40,3,0.382964747,135135,9,3,1,1,2
0.964672555,40,3,0.382964747,136136,9,3,1,1,2
0.964672555,40,3,0.382964747,137137,9,3,1,1,2
0.964672555,40,3,0.382964747,138138,9,3,1,1,2
0.964672555,40,3,0.382964747,139139,9,3,1,1,2
0.964672555,40,3,0.382964747,140140,9,3,1,1,2
0.964672555,40,3,0.382964747,141141,9,3,1,1,2
0.964672555,40,3,0.382964747,142142,9,3,1,1,2
0.964672555,40,3,0.382964747,143143,9,3,1,1,2
0.964672555,40,3,0.382964747,144144,9,3,1,1,2
0.964672555,40,3,0.382964747,145145,9,3,1,1,2
0.964672555,40,3,0.382964747,146146,9,3,1,1,2
0.964672555,40,3,0.382964747,147147,9,3,1,1,2
0.964672555,40,3,0.382964747,148148,9,3,1,1,2
0.964672555,40,3,0.382964747,149149,9,3,1,1,2
0.964672555,40,3,0.382964747,150150,9,3,1,1,2
0.964672555,40,3,0.382964747,151151,9,3,1,1,2
0.964672555,40,3,0.382964747,152152,9,3,1,1,2
0.964672555,40,3,0.382964747,153153,9,3,1,1,2
0.964672555,40,3,0.382964747,154154,9,3,1,1,2
0.964672555,40,3,0.382964747,155155,9,3,1,1,2
0.964672555,40,3,0.382964747,156156,9,3,1,1,2
0.964672555,40,3,0.382964747,157157,9,3,1,1,2
0.964672555,40,3,0.382964747,158158,9,3,1,1,2
0.964672555,40,3,0.382964747,159159,9,3,1,1,2
0.964672555,40,3,0.382964747,160160,9,3,1,1,2
0.964672555,40,3,0.382964747,161161,9,3,1,1,2
0.964672555,40,3,0.382964747,162162,9,3,1,1,2
0.964672555,40,3,0.382964747,163163,9,3,1,1,2
0.964672555,40,3,0.382964747,164164,9,3,1,1,2
0.964672555,40,3,0.382964747,165165,9,3,1,1,2
0.964672555,40,3,0.382964747,166166,9,3,1,1,2
0.964672555,40,3,0.382964747,167167,9,3,1,1,2
0.964672555,40,3,0.382964747,168168,9,3,1,1,2
0.964672555,40,3,0.382964747,169169,9,3,1,1,2
0.964672555,40,3,0.382964747,170170,9,3,1,1,2
0.964672555,40,3,0.382964747,171171,9,3,1,1,2
0.964672555,40,3,0.382964747,172172,9,3,1,1,2
0.964672555,40,3,0.382964747,173173,9,3,1,1,2
0.964672555,40,3,0.382964747,174174,9,3,1,1,2
0.964672555,40,3,0.382964747,175175,9,3,1,1,2
0.964672555,40,3,0.382964747,176176,9,3,1,1,2
0.964672555,40,3,0.382964747,177177,9,3,1,1,2
0.964672555,40,3,0.382964747,178178,9,3,1,1,2
0.964672555,40,3,0.382964747,179179,9,3,1,1,2
0.964672555,40,3,0.382964747,180180,9,3,1,1,2
0.964672555,40,3,0.382964747,181181,9,3,1,1,2
0.964672555,40,3,0.382964747,182182,9,3,1,1,2
0.964672555,40,3,0.382964747,183183,9,3,1,1,2
0.964672555,40,3,0.382964747,184184,9,3,1,1,2
0.964672555,40,3,0.382964747,185185,9,3,1,1,2
0.964672555,40,3,0.382964747,186186,9,3,1,1,2
0.964672555,40,3,0.382964747,187187,9,3,1,1,2
0.964672555,40,3,0.382964747,188188,9,3,1,1,2
0.964672555,40,3,0.382964747,189189,9,3,1,1,2
0.964672555,40,3,0.382964747,190190,9,3,1,1,2
0.964672555,40,3,0.382964747,191191,9,3,1,1,2
0.964672555,40,3,0.382964747,192192,9,3,1,1,2
0.964672555,40,3,0.382964747,193193,9,3,1,1,2
0.964672555,40,3,0.382964747,194194,9,3,1,1,2
0.964672555,40,3,0.382964747,195195,9,3,1,1,2
0.964672555,40,3,0.382964747,196196,9,3,1,1,2
0.964672555,40,3,0.382964747,197197,9,3,1,1,2
0.964672555,40,3,0.382964747,198198,9,3,1,1,2
0.964672555,40,3,0.382964747,199199,9,3,1,1,2
0.964672555,40,3,0.382964747,200200,9,3,1,1,2
0.964672555,40,3,0.382964747,201201,9,3,1,1,2
0.964672555,40,3,0.382964747,202202,9,3,1,1,2
0.964672555,40,3,0.382964747,203203,9,3,1,1,2
0.964672555,40,3,0.382964747,204204,9,3,1,1,2
0.964672555,40,3,0.382964747,205205,9,3,1,1,2
0.964672555,40,3,0.382964747,206206,9,3,1,1,2
0.964672555,40,3,0.382964747,207207,9,3,1,1,2
0.964672555,40,3,0.382964747,208208,9,3,1,1,2
0.964672555,40,3,0.382964747,209209,9,3,1,1,2
0.964672555,40,3,0.382964747,210210,9,3,1,1,2
0.964672555,40,3,0.382964747,211211,9,3,1,1,2
0.964672555,40,3,0.382964747,212212,9,3,1,1,2
0.964672555,40,3,0.382964747,213213,9,3,1,1,2
0.964672555,40,3,0.382964747,214214,9,3,1,1,2
0.964672555,40,3,0.382964747,215215,9,3,1,1,2
0.964672555,40,3,0.382964747,216216,9,3,1,1,2
0.964672555,40,3,0.382964747,217217,9,3,1,1,2
0.964672555,40,3,0.382964747,218218,9,3,1,1,2
0.964672555,40,3,0.382964747,219219,9,3,1,1,2
0.964672555,40,3,0.382964747,220220,9,3,1,1,2
0.964672555,40,3,0.382964747,221221,9,3,1,1,2
0.964672555,40,3,0.382964747,222222,9,3,1,1,2
0.964672555,40,3,0.382964747,223223,9,3,1,1,2
0.964672555,40,3,0.382964747,224224,9,3,1,1,2
0.964672555,40,3,0.382964747,225225,9,3,1,1,2
0.964672555,40,3,0.382964747,226226,9,3,1,1,2
0.964672555,40,3,0.382964747,227227,9,3,1,1,2
0.964672555,40,3,0.382964747,228228,9,3,1,1,2
0.964672555,40,3,0.382964747,229229,9,3,1,1,2
0.964672555,40,3,0.382964747,230230,9,3,1,1,2
0.964672555,40,3,0.382964747,231231,9,3,1,1,2
0.964672555,40,3,0.382964747,232232,9,3,1,1,2
0.964672555,40,3,0.382964747,233233,9,3,1,1,2
0.964672555,40,3,0.382964747,234234,9,3,1,1,2
0.964672555,40,3,0.382964747,235235,9,3,1,1,2
0.964672555,40,3,0.382964747,236236,9,3,1,1,2
0.964672555,40,3,0.382964747,237237,9,3,1,1,2
0.964672555,40,3,0.382964747,238238,9,3,1,1,2
0.964672555,40,3,0.382964747,239239,9,3,1,1,2
0.964672555,40,3,0.382964747,240240,9,3,1,1,2
0.964672555,40,3,0.382964747,241241,9,3,1,1,2
0.964672555,40,3,0.382964747,242242,9,3,1,1,2
0.964672555,40,3,0.382964747,243243,9,3,1,1,2
0.964672555,40,3,0.382964747,244244,9,3,1,1,2
0.964672555,40,3,0.382964747,245245,9,3,1,1,2
0.964672555,40,3,0.382964747,246246,9,3,1,1,2
0.964672555,40,3,0.382964747,247247,9,3,1,1,2
0.964672555,40,3,0.382964747,248248,9,3,1,1,2
0.964672555,40,3,0.382964747,249249,9,3,1,1,2
0.964672555,40,3,0.382964747,250250,9,3,1,1,2
0.964672555,40,3,0.382964747,251251,9,3,1,1,2
0.964672555,40,3,0.382964747,252252,9,3,1,1,2
0.964672555,40,3,0.382964747,253253,9,3,1,1,2
0.964672555,40,3,0.382964747,254254,9,3,1,1,2
0.964672555,40,3,0.382964747,255255,9,3,1,1,2
0.964672555,40,3,0.382964747,256256,9,3,1,1,2
0.964672555,40,3,0.382964747,257257,9,3,1,1,2
0.964672555,40,3,0.382964747,258258,9,3,1,1,2
0.964672555,40,3,0.382964747,259259,9,3,1,1,2
0.964672555,40,3,0.382964747,260260,9,3,1,1,2
0.964672555,40,3,0.382964747,261261,9,3,1,1,2
0.964672555,40,3,0.382964747,262262,9,3,1,1,2
0.964672555,40,3,0.382964747,263263,9,3,1,1,2
0.964672555,40,3,0.382964747,264264,9,3,1,1,2
0.964672555,40,3,0.382964747,265265,9,3,1,1,2
0.964672555,40,3,0.382964747,266266,9,3,1,1,2
0.964672555,40,3,0.382964747,267267,9,3,1,1,2
0.964672555,40,3,0.382964747,268268,9,3,1,1,2
0.964672555,40,3,0.382964747,269269,9,3,1,1,2
0.964672555,40,3,0.382964747,270270,9,3,1,1,2
0.964672555,40,3,0.382964747,271271,9,3,1,1,2
0.964672555,40,3,0.382964747,272272,9,3,1,1,2
0.964672555,40,3,0.382964747,273273,9,3,1,1,2
0.964672555,40,3,0.382964747,274274,9,3,1,1,2
0.964672555,40,3,0.382964747,275275,9,3,1,1,2
0.964672555,40,3,0.382964747,276276,9,3,1,1,2
0.964672555,40,3,0.382964747,277277,9,3,1,1,2
0.964672555,40,3,0.382964747,278278,9,3,1,1,2
0.964672555,40,3,0.382964747,279279,9,3,1,1,2
0.964672555,40,3,0.382964747,280280,9,3,1,1,2
0.964672555,40,3,0.382964747,281281,9,3,1,1,2
0.964672555,40,3,0.382964747,282282,9,3,1,1,2
0.964672555,40,3,0.382964747,283283,9,3,1,1,2
0.964672555,40,3,0.382964747,284284,9,3,1,1,2
0.964672555,40,3,0.382964747,285285,9,3,1,1,2
0.964672555,40,3,0.382964747,286286,9,3,1,1,2
0.964672555,40,3,0.382964747,287287,9,3,1,1,2
0.964672555,40,3,0.382964747,288288,9,3,1,1,2
0.964672555,40,3,0.382964747,289289,9,3,1,1,2
0.964672555,40,3,0.382964747,290290,9,3,1,1,2
0.964672555,40,3,0.382964747,291291,9,3,1,1,2
0.964672555,40,3,0.382964747,292292,9,3,1,1,2
0.964672555,40,3,0.382964747,293293,9,3,1,1,2
0.964672555,40,3,0.382964747,294294,9,3,1,1,2
0.964672555,40,3,0.382964747,295295,9,3,1,1,2
0.964672555,40,3,0.382964747,296296,9,3,1,1,2
0.964672555,40,3,0.382964747,297297,9,3,1,1,2
0.964672555,40,3,0.382964747,298298,9,3,1,1,2
0.964672555,40,3,0.382964747,299299,9,3,1,1,2
0.964672555,40,3,0.382964747,300300,9,3,1,1,2
0.964672555,40,3,0.382964747,301301,9,3,1,1,2
0.964672555,40,3,0.382964747,302302,9,3,1,1,2
0.964672555,40,3,0.382964747,303303,9,3,1,1,2
0.964672555,40,3,0.382964747,304304,9,3,1,1,2
0.964672555,40,3,0.382964747,305305,9,3,1,1,2
0.964672555,40,3,0.382964747,306306,9,3,1,1,2
0.964672555,40,3,0.382964747,307307,9,3,1,1,2
0.964672555,40,3,0.382964747,308308,9,3,1,1,2
0.964672555,40,3,0.382964747,309309,9,3,1,1,2
0.964672555,40,3,0.382964747,310310,9,3,1,1,2
0.964672555,40,3,0.382964747,311311,9,3,1,1,2
0.964672555,40,3,0.382964747,312312,9,3,1,1,2
0.964672555,40,3,0.382964747,313313,9,3,1,1,2
0.964672555,40,3,0.382964747,314314,9,3,1,1,2
0.964672555,40,3,0.382964747,315315,9,3,1,1,2
0.964672555,40,3,0.382964747,316316,9,3,1,1,2
0.964672555,40,3,0.382964747,317317,9,3,1,1,2
0.964672555,40,3,0.382964747,318318,9,3,1,1,2
0.964672555,40,3,0.382964747,319319,9,3,1,1,2
0.964672555,40,3,0.382964747,320320,9,3,1,1,2
0.964672555,40,3,0.382964747,321321,9,3,1,1,2
0.964672555,40,3,0.382964747,322322,9,3,1,1,2
0.964672555,40,3,0.382964747,323323,9,3,1,1,2
0.964672555,40,3,0.382964747,324324,9,3,1,1,2
0.964672555,40,3,0.382964747,325325,9,3,1,1,2
0.964672555,40,3,0.382964747,326326,9,3,1,1,2
0.964672555,40,3,0.382964747,327327,9,3,1,1,2
0.964672555,40,3,0.382964747,328328,9,3,1,1,2
0.964672555,40,3,0.382964747,329329,9,3,1,1,2
0.964672555,40,3,0.382964747,330330,9,3,1,1,2
0.964672555,40,3,0.382964747,331331,9,3,1,1,2
0.964672555,40,3,0.382964747,332332,9,3,1,1,2
0.964672555,40,3,0.382964747,333333,9,3,1,1,2
0.964672555,40,3,0.382964747,334334,9,3,1,1,2
0.964672555,40,3,0.382964747,335335,9,3,1,1,2
0.964672555,40,3,0.382964747,336336,9,3,1,1,2
0.964672555,40,3,0.382964747,337337,9,3,1,1,2
0.964672555,40,3,0.382964747,338338,9,3,1,1,2
0.964672555,40,3,0.382964747,339339,9,3,1,1,2
0.964672555,40,3,0.382964747,340340,9,3,1,1,2
0.964672555,40,3,0.382964747,341341,9,3,1,1,2
0.964672555,40,3,0.382964747,342342,9,3,1,1,2
0.964672555,40,3,0.382964747,343343,9,3,1,1,2
0.964672555,40,3,0.382964747,344344,9,3,1,1,2
0.964672555,40,3,0.382964747,345345,9,3,1,1,2
0.964672555,40,3,0.382964747,346346,9,3,1,1,2
0.964672555,40,3,0.382964747,347347,9,3,1,1,2
0.964672555,40,3,0.382964747,348348,9,3,1,1,2
0.964672555,40,3,0.382964747,349349,9,3,1,1,2
0.964672555,40,3,0.382964747,350350,9,3,1,1,2
0.964672555,40,3,0.382964747,351351,9,3,1,1,2
0.964672555,40,3,0.382964747,352352,9,3,1,1,2
0.964672555,40,3,0.382964747,353353,9,3,1,1,2
0.964672555,40,3,0.382964747,354354,9,3,1,1,2
0.964672555,40,3,0.382964747,355355,9,3,1,1,2
0.964672555,40,3,0.382964747,356356,9,3,1,1,2
0.964672555,40,3,0.382964747,357357,9,3,1,1,2
0.964672555,40,3,0.382964747,358358,9,3,1,1,2
0.964672555,40,3,0.382964747,359359,9,3,1,1,2
0.964672555,40,3,0.382964747,360360,9,3,1,1,2
0.964672555,40,3,0.382964747,361361,9,3,1,1,2
0.964672555,40,3,0.382964747,362362,9,3,1,1,2
0.964672555,40,3,0.382964747,363363,9,3,1,1,2
0.964672555,40,3,0.382964747,364364,9,3,1,1,2
0.964672555,40,3,0.382964747,365365,9,3,1,1,2
0.964672555,40,3,0.382964747,366366,9,3,1,1,2
0.964672555,40,3,0.382964747,367367,9,3,1,1,2
0.964672555,40,3,0.382964747,368368,9,3,1,1,2
0.964672555,40,3,0.382964747,369369,9,3,1,1,2
0.964672555,40,3,0.382964747,370370,9,3,1,1,2
0.964672555,40,3,0.382964747,371371,9,3,1,1,2
0.964672555,40,3,0.382964747,372372,9,3,1,1,2
0.964672555,40,3,0.382964747,373373,9,3,1,1,2
0.964672555,40,3,0.382964747,374374,9,3,1,1,2
0.964672555,40,3,0.382964747,375375,9,3,1,1,2
0.964672555,40,3,0.382964747,376376,9,3,1,1,2
0.964672555,40,3,0.382964747,377377,9,3,1,1,2
0.964672555,40,3,0.382964747,378378,9,3,1,1,2
0.964672555,40,3,0.382964747,379379,9,3,1,1,2
0.964672555,40,3,0.382964747,380380,9,3,1,1,2
0.964672555,40,3,0.382964747,381381,9,3,1,1,2
0.964672555,40,3,0.382964747,382382,9,3,1,1,2
0.964672555,40,3,0.382964747,383383,9,3,1,1,2
0.964672555,40,3,0.382964747,384384,9,3,1,1,2
0.964672555,40,3,0.382964747,385385,9,3,1,1,2
0.964672555,40,3,0.382964747,386386,9,3,1,1,2
0.964672555,40,3,0.382964747,387387,9,3,1,1,2
0.964672555,40,3,0.382964747,388388,9,3,1,1,2
0.964672555,40,3,0.382964747,389389,9,3,1,1,2
0.964672555,40,3,0.382964747,390390,9,3,1,1,2
0.964672555,40,3,0.382964747,391391,9,3,1,1,2
0.964672555,40,3,0.382964747,392392,9,3,1,1,2
0.964672555,40,3,0.382964747,393393,9,3,1,1,2
0.964672555,40,3,0.382964747,394394,9,3,1,1,2
0.964672555,40,3,0.382964747,395395,9,3,1,1,2
0.964672555,40,3,0.382964747,396396,9,3,1,1,2
0.964672555,40,3,0.382964747,397397,9,3,1,1,2
0.964672555,40,3,0.382964747,398398,9,3,1,1,2
0.964672555,40,3,0.382964747,399399,9,3,1,1,2
0.964672555,40,3,0.382964747,400400,9,3,1,1,2
0.964672555,40,3,0.382964747,401401,9,3,1,1,2
0.964672555,40,3,0.382964747,402402,9,3,1,1,2
0.964672555,40,3,0.382964747,403403,9,3,1,1,2
0.964672555,40,3,0.382964747,404404,9,3,1,1,2
0.964672555,40,3,0.382964747,405405,9,3,1,1,2
0.964672555,40,3,0.382964747,406406,9,3,1,1,2
0.964672555,40,3,0.382964747,407407,9,3,1,1,2
0.964672555,40,3,0.382964747,408408,9,3,1,1,2
0.964672555,40,3,0.382964747,409409,9,3,1,1,2
0.964672555,40,3,0.382964747,410410,9,3,1,1,2
0.964672555,40,3,0.382964747,411411,9,3,1,1,2
0.964672555,40,3,0.382964747,412412,9,3,1,1,2
0.964672555,40,3,0.382964747,413413,9,3,1,1,2
0.964672555,40,3,0.382964747,414414,9,3,1,1,2
0.964672555,40,3,0.382964747,415415,9,3,1,1,2
0.964672555,40,3,0.382964747,416416,9,3,1,1,2
0.964672555,40,3,0.382964747,417417,9,3,1,1,2
0.964672555,40,3,0.382964747,418418,9,3,1,1,2
0.964672555,40,3,0.382964747,419419,9,3,1,1,2
0.964672555,40,3,0.382964747,420420,9,3,1,1,2
0.964672555,40,3,0.382964747,421421,9,3,1,1,2
0.964672555,40,3,0.382964747,422422,9,3,1,1,2
0.964672555,40,3,0.382964747,423423,9,3,1,1,2
0.964672555,40,3,0.382964747,424424,9,3,1,1,2
0.964672555,40,3,0.382964747,425425,9,3,1,1,2
0.964672555,40,3,0.382964747,426426,9,3,1,1,2
0.964672555,40,3,0.382964747,427427,9,3,1,1,2
0.964672555,40,3,0.382964747,428428,9,3,1,1,2
0.964672555,40,3,0.382964747,429429,9,3,1,1,2
0.964672555,40,3,0.382964747,430430,9,3,1,1,2
0.964672555,40,3,0.382964747,431431,9,3,1,1,2
0.964672555,40,3,0.382964747,432432,9,3,1,1,2
0.964672555,40,3,0.382964747,433433,9,3,1,1,2
0.964672555,40,3,0.382964747,434434,9,3,1,1,2
0.964672555,40,3,0.382964747,435435,9,3,1,1,2
0.964672555,40,3,0.382964747,436436,9,3,1,1,2
0.964672555,40,3,0.382964747,437437,9,3,1,1,2
0.964672555,40,3,0.382964747,438438,9,3,1,1,2
0.964672555,40,3,0.382964747,439439,9,3,1,1,2
0.964672555,40,3,0.382964747,440440,9,3,1,1,2
0.964672555,40,3,0.382964747,441441,9,3,1,1,2
0.964672555,40,3,0.382964747,442442,9,3,1,1,2
0.964672555,40,3,0.382964747,443443,9,3,1,1,2
0.964672555,40,3,0.382964747,444444,9,3,1,1,2
0.964672555,40,3,0.382964747,445445,9,3,1,1,2
0.964672555,40,3,0.382964747,446446,9,3,1,1,2
0.964672555,40,3,0.382964747,447447,9,3,1,1,2
0.964672555,40,3,0.382964747,448448,9,3,1,1,2
0.964672555,40,3,0.382964747,449449,9,3,1,1,2
0.964672555,40,3,0.382964747,450450,9,3,1,1,2
0.964672555,40,3,0.382964747,451451,9,3,1,1,2
0.964672555,40,3,0.382964747,452452,9,3,1,1,2
0.964672555,40,3,0.382964747,453453,9,3,1,1,2
0.964672555,40,3,0.382964747,454454,9,3,1,1,2
0.964672555,40,3,0.382964747,455455,9,3,1,1,2
0.964672555,40,3,0.382964747,456456,9,3,1,1,2
0.964672555,40,3,0.382964747,457457,9,3,1,1,2
0.964672555,40,3,0.382964747,458458,9,3,1,1,2
0.964672555,40,3,0.382964747,459459,9,3,1,1,2
0.964672555,40,3,0.382964747,460460,9,3,1,1,2
0.964672555,40,3,0.382964747,461461,9,3,1,1,2
0.964672555,40,3,0.382964747,462462,9,3,1,1,2
0.964672555,40,3,0.382964747,463463,9,3,1,1,2
0.964672555,40,3,0.382964747,464464,9,3,1,1,2
0.964672555,40,3,0.382964747,465465,9,3,1,1,2
0.964672555,40,3,0.382964747,466466,9,3,1,1,2
0.964672555,40,3,0.382964747,467467,9,3,1,1,2
0.964672555,40,3,0.382964747,468468,9,3,1,1,2
0.964672555,40,3,0.382964747,469469,9,3,1,1,2
0.964672555,40,3,0.382964747,470470,9,3,1,1,2
0.964672555,40,3,0.382964747,471471,9,3,1,1,2
0.964672555,40,3,0.382964747,472472,9,3,1,1,2
0.964672555,40,3,0.382964747,473473,9,3,1,1,2
0.964672555,40,3,0.382964747,474474,9,3,1,1,2
0.964672555,40,3,0.382964747,475475,9,3,1,1,2
0.964672555,40,3,0.382964747,476476,9,3,1,1,2
0.964672555,40,3,0.382964747,477477,9,3,1,1,2
0.964672555,40,3,0.382964747,478478,9,3,1,1,2
0.964672555,40,3,0.382964747,479479,9,3,1,1,2
0.964672555,40,3,0.382964747,480480,9,3,1,1,2
0.964672555,40,3,0.382964747,481481,9,3,1,1,2
0.964672555,40,3,0.382964747,482482,9,3,1,1,2
0.964672555,40,3,0.382964747,483483,9,3,1,1,2
0.964672555,40,3,0.382964747,484484,9,3,1,1,2
0.964672555,40,3,0.382964747,485485,9,3,1,1,2
0.964672555,40,3,0.382964747,486486,9,3,1,1,2
0.964672555,40,3,0.382964747,487487,9,3,1,1,2
0.964672555,40,3,0.382964747,488488,9,3,1,1,2
0.964672555,40,3,0.382964747,489489,9,3,1,1,2
0.964672555,40,3,0.382964747,490490,9,3,1,1,2
0.964672555,40,3,0.382964747,491491,9,3,1,1,2
0.964672555,40,3,0.382964747,492492,9,3,1,1,2
0.964672555,40,3,0.382964747,493493,9,3,1,1,2
0.964672555,40,3,0.382964747,494494,9,3,1,1,2
0.964672555,40,3,0.382964747,495495,9,3,1,1,2
0.964672555,40,3,0.382964747,496496,9,3,1,1,2
0.964672555,40,3,0.382964747,497497,9,3,1,1,2
0.964672555,40,3,0.382964747,498498,9,3,1,1,2
0.964672555,40,3,0.382964747,499499,9,3,1,1,2
0.964672555,40,3,0.382964747,500500,9,3,1,1,2
0.964672555,40,3,0.382964747,501501,9,3,1,1,2
0.964672555,40,3,0.382964747,502502,9,3,1,1,2
0.964672555,40,3,0.382964747,503503,9,3,1,1,2
0.964672555,40,3,0.382964747,504504,9,3,1,1,2
0.964672555,40,3,0.382964747,505505,9,3,1,1,2
0.964672555,40,3,0.382964747,506506,9,3,1,1,2
0.964672555,40,3,0.382964747,507507,9,3,1,1,2
0.964672555,40,3,0.382964747,508508,9,3,1,1,2
0.964672555,40,3,0.382964747,509509,9,3,1,1,2
0.964672555,40,3,0.382964747,510510,9,3,1,1,2
0.964672555,40,3,0.382964747,511511,9,3,1,1,2
0.964672555,40,3,0.382964747,512512,9,3,1,1,2
0.964672555,40,3,0.382964747,513513,9,3,1,1,2
0.964672555,40,3,0.382964747,514514,9,3,1,1,2
0.964672555,40,3,0.382964747,515515,9,3,1,1,2
0.964672555,40,3,0.382964747,516516,9,3,1,1,2
0.964672555,40,3,0.382964747,517517,9,3,1,1,2
0.964672555,40,3,0.382964747,518518,9,3,1,1,2
0.964672555,40,3,0.382964747,519519,9,3,1,1,2
0.964672555,40,3,0.382964747,520520,9,3,1,1,2
0.964672555,40,3,0.382964747,521521,9,3,1,1,2
0.964672555,40,3,0.382964747,522522,9,3,1,1,2
0.964672555,40,3,0.382964747,523523,9,3,1,1,2
0.964672555,40,3,0.382964747,524524,9,3,1,1,2
0.964672555,40,3,0.382964747,525525,9,3,1,1,2
0.964672555,40,3,0.382964747,526526,9,3,1,1,2
0.964672555,40,3,0.382964747,527527,9,3,1,1,2
0.964672555,40,3,0.382964747,528528,9,3,1,1,2
0.964672555,40,3,0.382964747,529529,9,3,1,1,2
0.964672555,40,3,0.382964747,530530,9,3,1,1,2
0.964672555,40,3,0.382964747,531531,9,3,1,1,2
0.964672555,40,3,0.382964747,532532,9,3,1,1,2
0.964672555,40,3,0.382964747,533533,9,3,1,1,2
0.964672555,40,3,0.382964747,534534,9,3,1,1,2
0.964672555,40,3,0.382964747,535535,9,3,1,1,2
0.964672555,40,3,0.382964747,536536,9,3,1,1,2
0.964672555,40,3,0.382964747,537537,9,3,1,1,2
0.964672555,40,3,0.382964747,538538,9,3,1,1,2
0.964672555,40,3,0.382964747,539539,9,3,1,1,2
0.964672555,40,3,0.382964747,540540,9,3,1,1,2
0.964672555,40,3,0.382964747,541541,9,3,1,1,2
0.964672555,40,3,0.382964747,542542,9,3,1,1,2
0.964672555,40,3,0.382964747,543543,9,3,1,1,2
0.964672555,40,3,0.382964747,544544,9,3,1,1,2
0.964672555,40,3,0.382964747,545545,9,3,1,1,2
0.964672555,40,3,0.382964747,546546,9,3,1,1,2
0.964672555,40,3,0.382964747,547547,9,3,1,1,2
0.964672555,40,3,0.382964747,548548,9,3,1,1,2
0.964672555,40,3,0.382964747,549549,9,3,1,1,2
0.964672555,40,3,0.382964747,550550,9,3,1,1,2
0.964672555,40,3,0.382964747,551551,9,3,1,1,2
0.964672555,40,3,0.382964747,552552,9,3,1,1,2
0.964672555,40,3,0.382964747,553553,9,3,1,1,2
0.964672555,40,3,0.382964747,554554,9,3,1,1,2
0.964672555,40,3,0.382964747,555555,9,3,1,1,2
0.964672555,40,3,0.382964747,556556,9,3,1,1,2
0.964672555,40,3,0.382964747,557557,9,3,1,1,2
0.964672555,40,3,0.382964747,558558,9,3,1,1,2
0.964672555,40,3,0.382964747,559559,9,3,1,1,2
0.964672555,40,3,0.382964747,560560,9,3,1,1,2
0.964672555,40,3,0.382964747,561561,9,3,1,1,2
0.964672555,40,3,0.382964747,562562,9,3,1,1,2
0.964672555,40,3,0.382964747,563563,9,3,1,1,2
0.964672555,40,3,0.382964747,564564,9,3,1,1,2
0.964672555,40,3,0.382964747,565565,9,3,1,1,2
0.964672555,40,3,0.382964747,566566,9,3,1,1,2
0.964672555,40,3,0.382964747,567567,9,3,1,1,2
0.964672555,40,3,0.382964747,568568,9,3,1,1,2
0.964672555,40,3,0.382964747,569569,9,3,1,1,2
0.964672555,40,3,0.382964747,570570,9,3,1,1,2
0.964672555,40,3,0.382964747,571571,9,3,1,1,2
0.964672555,40,3,0.382964747,572572,9,3,1,1,2
0.964672555,40,3,0.382964747,573573,9,3,1,1,2
0.964672555,40,3,0.382964747,574574,9,3,1,1,2
0.964672555,40,3,0.382964747,575575,9,3,1,1,2
0.964672555,40,3,0.382964747,576576,9,3,1,1,2
0.964672555,40,3,0.382964747,577577,9,3,1,1,2
0.964672555,40,3,0.382964747,578578,9,3,1,1,2
0.964672555,40,3,0.382964747,579579,9,3,1,1,2
0.964672555,40,3,0.382964747,580580,9,3,1,1,2
0.964672555,40,3,0.382964747,581581,9,3,1,1,2
0.964672555,40,3,0.382964747,582582,9,3,1,1,2
0.964672555,40,3,0.382964747,583583,9,3,1,1,2
0.964672555,40,3,0.382964747,584584,9,3,1,1,2
0.964672555,40,3,0.382964747,585585,9,3,1,1,2
0.964672555,40,3,0.382964747,586586,9,3,1,1,2
0.964672555,40,3,0.382964747,587587,9,3,1,1,2
0.964672555,40,3,0.382964747,588588,9,3,1,1,2
0.964672555,40,3,0.382964747,589589,9,3,1,1,2
0.964672555,40,3,0.382964747,590590,9,3,1,1,2
0.964672555,40,3,0.382964747,591591,9,3,1,1,2
0.964672555,40,3,0.382964747,592592,9,3,1,1,2
0.964672555,40,3,0.382964747,593593,9,3,1,1,2
0.964672555,40,3,0.382964747,594594,9,3,1,1,2
0.964672555,40,3,0.382964747,595595,9,3,1,1,2
0.964672555,40,3,0.382964747,596596,9,3,1,1,2
0.964672555,40,3,0.382964747,597597,9,3,1,1,2
0.964672555,40,3,0.382964747,598598,9,3,1,1,2
0.964672555,40,3,0.382964747,599599,9,3,1,1,2
0.964672555,40,3,0.382964747,600600,9,3,1,1,2
0.964672555,40,3,0.382964747,601601,9,3,1,1,2
0.964672555,40,3,0.382964747,602602,9,3,1,1,2
0.964672555,40,3,0.382964747,603603,9,3,1,1,2
0.964672555,40,3,0.382964747,604604,9,3,1,1,2
0.964672555,40,3,0.382964747,605605,9,3,1,1,2
0.964672555,40,3,0.382964747,606606,9,3,1,1,2
0.964672555,40,3,0.382964747,607607,9,3,1,1,2
0.964672555,40,3,0.382964747,608608,9,3,1,1,2
0.964672555,40,3,0.382964747,609609,9,3,1,1,2
0.964672555,40,3,0.382964747,610610,9,3,1,1,2
0.964672555,40,3,0.382964747,611611,9,3,1,1,2
0.964672555,40,3,0.382964747,612612,9,3,1,1,2
0.964672555,40,3,0.382964747,613613,9,3,1,1,2
0.964672555,40,3,0.382964747,614614,9,3,1,1,2
0.964672555,40,3,0.382964747,615615,9,3,1,1,2
0.964672555,40,3,0.382964747,616616,9,3,1,1,2
0.964672555,40,3,0.382964747,617617,9,3,1,1,2
0.964672555,40,3,0.382964747,618618,9,3,1,1,2
0.964672555,40,3,0.382964747,619619,9,3,1,1,2
0.964672555,40,3,0.382964747,620620,9,3,1,1,2
0.964672555,40,3,0.382964747,621621,9,3,1,1,2
0.964672555,40,3,0.382964747,622622,9,3,1,1,2
0.964672555,40,3,0.382964747,623623,9,3,1,1,2
0.964672555,40,3,0.382964747,624624,9,3,1,1,2
0.964672555,40,3,0.382964747,625625,9,3,1,1,2
0.964672555,40,3,0.382964747,626626,9,3,1,1,2
0.964672555,40,3,0.382964747,627627,9,3,1,1,2
0.964672555,40,3,0.382964747,628628,9,3,1,1,2
0.964672555,40,3,0.382964747,629629,9,3,1,1,2
0.964672555,40,3,0.382964747,630630,9,3,1,1,2
0.964672555,40,3,0.382964747,631631,9,3,1,1,2
0.964672555,40,3,0.382964747,632632,9,3,1,1,2
0.964672555,40,3,0.382964747,633633,9,3,1,1,2
0.964672555,40,3,0.382964747,634634,9,3,1,1,2
0.964672555,40,3,0.382964747,635635,9,3,1,1,2
0.964672555,40,3,0.382964747,636636,9,3,1,1,2
0.964672555,40,3,0.382964747,637637,9,3,1,1,2
0.964672555,40,3,0.382964747,638638,9,3,1,1,2
0.964672555,40,3,0.382964747,639639,9,3,1,1,2
0.964672555,40,3,0.382964747,640640,9,3,1,1,2
0.964672555,40,3,0.382964747,641641,9,3,1,1,2
0.964672555,40,3,0.382964747,642642,9,3,1,1,2
0.964672555,40,3,0.382964747,643643,9,3,1,1,2
0.964672555,40,3,0.382964747,644644,9,3,1,1,2
0.964672555,40,3,0.382964747,645645,9,3,1,1,2
0.964672555,40,3,0.382964747,646646,9,3,1,1,2
0.964672555,40,3,0.382964747,647647,9,3,1,1,2
0.964672555,40,3,0.382964747,648648,9,3,1,1,2
0.964672555,40,3,0.382964747,649649,9,3,1,1,2
0.964672555,40,3,0.382964747,650650,9,3,1,1,2
0.964672555,40,3,0.382964747,651651,9,3,1,1,2
0.964672555,40,3,0.382964747,652652,9,3,1,1,2
0.964672555,40,3,0.382964747,653653,9,3,1,1,2
0.964672555,40,3,0.382964747,654654,9,3,1,1,2
0.964672555,40,3,0.382964747,655655,9,3,1,1,2
0.964672555,40,3,0.382964747,656656,9,3,1,1,2
0.964672555,40,3,0.382964747,657657,9,3,1,1,2
0.964672555,40,3,0.382964747,658658,9,3,1,1,2
0.964672555,40,3,0.382964747,659659,9,3,1,1,2
0.964672555,40,3,0.382964747,660660,9,3,1,1,2
0.964672555,40,3,0.382964747,661661,9,3,1,1,2
0.964672555,40,3,0.382964747,662662,9,3,1,1,2
0.964672555,40,3,0.382964747,663663,9,3,1,1,2
0.964672555,40,3,0.382964747,664664,9,3,1,1,2
0.964672555,40,3,0.382964747,665665,9,3,1,1,2
0.964672555,40,3,0.382964747,666666,9,3,1,1,2
0.964672555,40,3,0.382964747,667667,9,3,1,1,2
0.964672555,40,3,0.382964747,668668,9,3,1,1,2
0.964672555,40,3,0.382964747,669669,9,3,1,1,2
0.964672555,40,3,0.382964747,670670,9,3,1,1,2
0.964672555,40,3,0.382964747,671671,9,3,1,1,2
0.964672555,40,3,0.382964747,672672,9,3,1,1,2
0.964672555,40,3,0.382964747,673673,9,3,1,1,2
0.964672555,40,3,0.382964747,674674,9,3,1,1,2
0.964672555,40,3,0.382964747,675675,9,3,1,1,2
0.964672555,40,3,0.382964747,676676,9,3,1,1,2
0.964672555,40,3,0.382964747,677677,9,3,1,1,2
0.964672555,40,3,0.382964747,678678,9,3,1,1,2
0.964672555,40,3,0.382964747,679679,9,3,1,1,2
0.964672555,40,3,0.382964747,680680,9,3,1,1,2
0.964672555,40,3,0.382964747,681681,9,3,1,1,2
0.964672555,40,3,0.382964747,682682,9,3,1,1,2
0.964672555,40,3,0.382964747,683683,9,3,1,1,2
0.964672555,40,3,0.382964747,684684,9,3,1,1,2
0.964672555,40,3,0.382964747,685685,9,3,1,1,2
0.964672555,40,3,0.382964747,686686,9,3,1,1,2
0.964672555,40,3,0.382964747,687687,9,3,1,1,2
0.964672555,40,3,0.382964747,688688,9,3,1,1,2
0.964672555,40,3,0.382964747,689689,9,3,1,1,2
0.964672555,40,3,0.382964747,690690,9,3,1,1,2
0.964672555,40,3,0.382964747,691691,9,3,1,1,2
0.964672555,40,3,0.382964747,692692,9,3,1,1,2
0.964672555,40,3,0.382964747,693693,9,3,1,1,2
0.964672555,40,3,0.382964747,694694,9,3,1,1,2
0.964672555,40,3,0.382964747,695695,9,3,1,1,2
0.964672555,40,3,0.382964747,696696,9,3,1,1,2
0.964672555,40,3,0.382964747,697697,9,3,1,1,2
0.964672555,40,3,0.382964747,698698,9,3,1,1,2
0.964672555,40,3,0.382964747,699699,9,3,1,1,2
0.964672555,40,3,0.382964747,700700,9,3,1,1,2
0.964672555,40,3,0.382964747,701701,9,3,1,1,2
0.964672555,40,3,0.382964747,702702,9,3,1,1,2
0.964672555,40,3,0.382964747,703703,9,3,1,1,2
0.964672555,40,3,0.382964747,704704,9,3,1,1,2
0.964672555,40,3,0.382964747,705705,9,3,1,1,2
0.964672555,40,3,0.382964747,706706,9,3,1,1,2
0.964672555,40,3,0.382964747,707707,9,3,1,1,2
0.964672555,40,3,0.382964747,708708,9,3,1,1,2
0.964672555,40,3,0.382964747,709709,9,3,1,1,2
0.964672555,40,3,0.382964747,710710,9,3,1,1,2
0.964672555,40,3,0.382964747,711711,9,3,1,1,2
0.964672555,40,3,0.382964747,712712,9,3,1,1,2
0.964672555,40,3,0.382964747,713713,9,3,1,1,2
0.964672555,40,3,0.382964747,714714,9,3,1,1,2
0.964672555,40,3,0.382964747,715715,9,3,1,1,2
0.964672555,40,3,0.382964747,716716,9,3,1,1,2
0.964672555,40,3,0.382964747,717717,9,3,1,1,2
0.964672555,40,3,0.382964747,718718,9,3,1,1,2
0.964672555,40,3,0.382964747,719719,9,3,1,1,2
0.964672555,40,3,0.382964747,720720,9,3,1,1,2
0.964672555,40,3,0.382964747,721721,9,3,1,1,2
0.964672555,40,3,0.382964747,722722,9,3,1,1,2
0.964672555,40,3,0.382964747,723723,9,3,1,1,2
0.964672555,40,3,0.382964747,724724,9,3,1,1,2
0.964672555,40,3,0.382964747,725725,9,3,1,1,2
0.964672555,40,3,0.382964747,726726,9,3,1,1,2
0.964672555,40,3,0.382964747,727727,9,3,1,1,2
0.964672555,40,3,0.382964747,728728,9,3,1,1,2
0.964672555,40,3,0.382964747,729729,9,3,1,1,2
0.964672555,40,3,0.382964747,730730,9,3,1,1,2
0.964672555,40,3,0.382964747,731731,9,3,1,1,2
0.964672555,40,3,0.382964747,732732,9,3,1,1,2
0.964672555,40,3,0.382964747,733733,9,3,1,1,2
0.964672555,40,3,0.382964747,734734,9,3,1,1,2
0.964672555,40,3,0.382964747,735735,9,3,1,1,2
0.964672555,40,3,0.382964747,736736,9,3,1,1,2
0.964672555,40,3,0.382964747,737737,9,3,1,1,2
0.964672555,40,3,0.382964747,738738,9,3,1,1,2
0.964672555,40,3,0.382964747,739739,9,3,1,1,2
0.964672555,40,3,0.382964747,740740,9,3,1,1,2
0.964672555,40,3,0.382964747,741741,9,3,1,1,2
0.964672555,40,3,0.382964747,742742,9,3,1,1,2
0.964672555,40,3,0.382964747,743743,9,3,1,1,2
0.964672555,40,3,0.382964747,744744,9,3,1,1,2
0.964672555,40,3,0.382964747,745745,9,3,1,1,2
0.964672555,40,3,0.382964747,746746,9,3,1,1,2
0.964672555,40,3,0.382964747,747747,9,3,1,1,2
0.964672555,40,3,0.382964747,748748,9,3,1,1,2
0.964672555,40,3,0.382964747,749749,9,3,1,1,2
0.964672555,40,3,0.382964747,750750,9,3,1,1,2
0.964672555,40,3,0.382964747,751751,9,3,1,1,2
0.964672555,40,3,0.382964747,752752,9,3,1,1,2
0.964672555,40,3,0.382964747,753753,9,3,1,1,2
0.964672555,40,3,0.382964747,754754,9,3,1,1,2
0.964672555,40,3,0.382964747,755755,9,3,1,1,2
0.964672555,40,3,0.382964747,756756,9,3,1,1,2
0.964672555,40,3,0.382964747,757757,9,3,1,1,2
0.964672555,40,3,0.382964747,758758,9,3,1,1,2
0.964672555,40,3,0.382964747,759759,9,3,1,1,2
0.964672555,40,3,0.382964747,760760,9,3,1,1,2
0.964672555,40,3,0.382964747,761761,9,3,1,1,2
0.964672555,40,3,0.382964747,762762,9,3,1,1,2
0.964672555,40,3,0.382964747,763763,9,3,1,1,2
0.964672555,40,3,0.382964747,764764,9,3,1,1,2
0.964672555,40,3,0.382964747,765765,9,3,1,1,2
0.964672555,40,3,0.382964747,766766,9,3,1,1,2
0.964672555,40,3,0.382964747,767767,9,3,1,1,2
0.964672555,40,3,0.382964747,768768,9,3,1,1,2
0.964672555,40,3,0.382964747,769769,9,3,1,1,2
0.964672555,40,3,0.382964747,770770,9,3,1,1,2
0.964672555,40,3,0.382964747,771771,9,3,1,1,2
0.964672555,40,3,0.382964747,772772,9,3,1,1,2
0.964672555,40,3,0.382964747,773773,9,3,1,1,2
0.964672555,40,3,0.382964747,774774,9,3,1,1,2
0.964672555,40,3,0.382964747,775775,9,3,1,1,2
0.964672555,40,3,0.382964747,776776,9,3,1,1,2
0.964672555,40,3,0.382964747,777777,9,3,1,1,2
0.964672555,40,3,0.382964747,778778,9,3,1,1,2
0.964672555,40,3,0.382964747,779779,9,3,1,1,2
0.964672555,40,3,0.382964747,780780,9,3,1,1,2
0.964672555,40,3,0.382964747,781781,9,3,1,1,2
0.964672555,40,3,0.382964747,782782,9,3,1,1,2
0.964672555,40,3,0.382964747,783783,9,3,1,1,2
0.964672555,40,3,0.382964747,784784,9,3,1,1,2
0.964672555,40,3,0.382964747,785785,9,3,1,1,2
0.964672555,40,3,0.382964747,786786,9,3,1,1,2
0.964672555,40,3,0.382964747,787787,9,3,1,1,2
0.964672555,40,3,0.382964747,788788,9,3,1,1,2
0.964672555,40,3,0.382964747,789789,9,3,1,1,2
0.964672555,40,3,0.382964747,790790,9,3,1,1,2
0.964672555,40,3,0.382964747,791791,9,3,1,1,2
0.964672555,40,3,0.382964747,792792,9,3,1,1,2
0.964672555,40,3,0.382964747,793793,9,3,1,1,2
0.964672555,40,3,0.382964747,794794,9,3,1,1,2
0.964672555,40,3,0.382964747,795795,9,3,1,1,2
0.964672555,40,3,0.382964747,796796,9,3,1,1,2
0.964672555,40,3,0.382964747,797797,9,3,1,1,2
0.964672555,40,3,0.382964747,798798,9,3,1,1,2
0.964672555,40,3,0.382964747,799799,9,3,1,1,2
0.964672555,40,3,0.382964747,800800,9,3,1,1,2
0.964672555,40,3,0.382964747,801801,9,3,1,1,2
0.964672555,40,3,0.382964747,802802,9,3,1,1,2
0.964672555,40,3,0.382964747,803803,9,3,1,1,2
0.964672555,40,3,0.382964747,804804,9,3,1,1,2
0.964672555,40,3,0.382964747,805805,9,3,1,1,2
0.964672555,40,3,0.382964747,806806,9,3,1,1,2
0.964672555,40,3,0.382964747,807807,9,3,1,1,2
0.964672555,40,3,0.382964747,808808,9,3,1,1,2
0.964672555,40,3,0.382964747,809809,9,3,1,1,2
0.964672555,40,3,0.382964747,810810,9,3,1,1,2
0.964672555,40,3,0.382964747,811811,9,3,1,1,2
0.964672555,40,3,0.382964747,812812,9,3,1,1,2
0.964672555,40,3,0.382964747,813813,9,3,1,1,2
0.964672555,40,3,0.382964747,814814,9,3,1,1,2
0.964672555,40,3,0.382964747,815815,9,3,1,1,2
0.964672555,40,3,0.382964747,816816,9,3,1,1,2
0.964672555,40,3,0.382964747,817817,9,3,1,1,2
0.964672555,40,3,0.382964747,818818,9,3,1,1,2
0.964672555,40,3,0.382964747,819819,9,3,1,1,2
0.964672555,40,3,0.382964747,820820,9,3,1,1,2
0.964672555,40,3,0.382964747,821821,9,3,1,1,2
0.964672555,40,3,0.382964747,822822,9,3,1,1,2
0.964672555,40,3,0.382964747,823823,9,3,1,1,2
0.964672555,40,3,0.382964747,824824,9,3,1,1,2
0.964672555,40,3,0.382964747,825825,9,3,1,1,2
0.964672555,40,3,0.382964747,826826,9,3,1,1,2
0.964672555,40,3,0.382964747,827827,9,3,1,1,2
0.964672555,40,3,0.382964747,828828,9,3,1,1,2
0.964672555,40,3,0.382964747,829829,9,3,1,1,2
0.964672555,40,3,0.382964747,830830,9,3,1,1,2
0.964672555,40,3,0.382964747,831831,9,3,1,1,2
0.964672555,40,3,0.382964747,832832,9,3,1,1,2
0.964672555,40,3,0.382964747,833833,9,3,1,1,2
0.964672555,40,3,0.382964747,834834,9,3,1,1,2
0.964672555,40,3,0.382964747,835835,9,3,1,1,2
0.964672555,40,3,0.382964747,836836,9,3,1,1,2
0.964672555,40,3,0.382964747,837837,9,3,1,1,2
0.964672555,40,3,0.382964747,838838,9,3,1,1,2
0.964672555,40,3,0.382964747,839839,9,3,1,1,2
0.964672555,40,3,0.382964747,840840,9,3,1,1,2
0.964672555,40,3,0.382964747,841841,9,3,1,1,2
0.964672555,40,3,0.382964747,842842,9,3,1,1,2
0.964672555,40,3,0.382964747,843843,9,3,1,1,2
0.964672555,40,3,0.382964747,844844,9,3,1,1,2
0.964672555,40,3,0.382964747,845845,9,3,1,1,2
0.964672555,40,3,0.382964747,846846,9,3,1,1,2
0.964672555,40,3,0.382964747,847847,9,3,1,1,2
0.964672555,40,3,0.382964747,848848,9,3,1,1,2
0.964672555,40,3,0.382964747,849849,9,3,1,1,2
0.964672555,40,3,0.382964747,850850,9,3,1,1,2
0.964672555,40,3,0.382964747,851851,9,3,1,1,2
0.964672555,40,3,0.382964747,852852,9,3,1,1,2
0.964672555,40,3,0.382964747,853853,9,3,1,1,2
0.964672555,40,3,0.382964747,854854,9,3,1,1,2
0.964672555,40,3,0.382964747,855855,9,3,1,1,2
0.964672555,40,3,0.382964747,856856,9,3,1,1,2
0.964672555,40,3,0.382964747,857857,9,3,1,1,2
0.964672555,40,3,0.382964747,858858,9,3,1,1,2
0.964672555,40,3,0.382964747,859859,9,3,1,1,2
0.964672555,40,3,0.382964747,860860,9,3,1,1,2
0.964672555,40,3,0.382964747,861861,9,3,1,1,2
0.964672555,40,3,0.382964747,862862,9,3,1,1,2
0.964672555,40,3,0.382964747,863863,9,3,1,1,2
0.964672555,40,3,0.382964747,864864,9,3,1,1,2
0.964672555,40,3,0.382964747,865865,9,3,1,1,2
0.964672555,40,3,0.382964747,866866,9,3,1,1,2
0.964672555,40,3,0.382964747,867867,9,3,1,1,2
0.964672555,40,3,0.382964747,868868,9,3,1,1,2
0.964672555,40,3,0.382964747,869869,9,3,1,1,2
0.964672555,40,3,0.382964747,870870,9,3,1,1,2
0.964672555,40,3,0.382964747,871871,9,3,1,1,2
0.964672555,40,3,0.382964747,872872,9,3,1,1,2
0.964672555,40,3,0.382964747,873873,9,3,1,1,2
0.964672555,40,3,0.382964747,874874,9,3,1,1,2
0.964672555,40,3,0.382964747,875875,9,3,1,1,2
0.964672555,40,3,0.382964747,876876,9,3,1,1,2
0.964672555,40,3,0.382964747,877877,9,3,1,1,2
0.964672555,40,3,0.382964747,878878,9,3,1,1,2
0.964672555,40,3,0.382964747,879879,9,3,1,1,2
0.964672555,40,3,0.382964747,880880,9,3,1,1,2
0.964672555,40,3,0.382964747,881881,9,3,1,1,2
0.964672555,40,3,0.382964747,882882,9,3,1,1,2
0.964672555,40,3,0.382964747,883883,9,3,1,1,2
0.964672555,40,3,0.382964747,884884,9,3,1,1,2
0.964672555,40,3,0.382964747,885885,9,3,1,1,2
0.964672555,40,3,0.382964747,886886,9,3,1,1,2
0.964672555,40,3,0.382964747,887887,9,3,1,1,2
0.964672555,40,3,0.382964747,888888,9,3,1,1,2
0.964672555,40,3,0.382964747,889889,9,3,1,1,2
0.964672555,40,3,0.382964747,890890,9,3,1,1,2
0.964672555,40,3,0.382964747,891891,9,3,1,1,2
0.964672555,40,3,0.382964747,892892,9,3,1,1,2
0.964672555,40,3,0.382964747,893893,9,3,1,1,2
0.964672555,40,3,0.382964747,894894,9,3,1,1,2
0.964672555,40,3,0.382964747,895895,9,3,1,1,2
0.964672555,40,3,0.382964747,896896,9,3,1,1,2
0.964672555,40,3,0.382964747,897897,9,3,1,1,2
0.964672555,40,3,0.382964747,898898,9,3,1,1,2
0.964672555,40,3,0.382964747,899899,9,3,1,1,2
0.964672555,40,3,0.382964747,900900,9,3,1,1,2
0.964672555,40,3,0.382964747,901901,9,3,1,1,2
0.964672555,40,3,0.382964747,902902,9,3,1,1,2
0.964672555,40,3,0.382964747,903903,9,3,1,1,2
0.964672555,40,3,0.382964747,904904,9,3,1,1,2
0.964672555,40,3,0.382964747,905905,9,3,1,1,2
0.964672555,40,3,0.382964747,906906,9,3,1,1,2
0.964672555,40,3,0.382964747,907907,9,3,1,1,2
0.964672555,40,3,0.382964747,908908,9,3,1,1,2
0.964672555,40,3,0.382964747,909909,9,3,1,1,2
0.964672555,40,3,0.382964747,910910,9,3,1,1,2
0.964672555,40,3,0.382964747,911911,9,3,1,1,2
0.964672555,40,3,0.382964747,912912,9,3,1,1,2
0.964672555,40,3,0.382964747,913913,9,3,1,1,2
0.964672555,40,3,0.382964747,914914,9,3,1,1,2
0.964672555,40,3,0.382964747,915915,9,3,1,1,2
0.964672555,40,3,0.382964747,916916,9,3,1,1,2
0.964672555,40,3,0.382964747,917917,9,3,1,1,2
0.964672555,40,3,0.382964747,918918,9,3,1,1,2
0.964672555,40,3,0.382964747,919919,9,3,1,1,2
0.964672555,40,3,0.382964747,920920,9,3,1,1,2
0.964672555,40,3,0.382964747,921921,9,3,1,1,2
0.964672555,40,3,0.382964747,922922,9,3,1,1,2
0.964672555,40,3,0.382964747,923923,9,3,1,1,2
0.964672555,40,3,0.382964747,924924,9,3,1,1,2
0.964672555,40,3,0.382964747,925925,9,3,1,1,2
0.964672555,40,3,0.382964747,926926,9,3,1,1,2
0.964672555,40,3,0.382964747,927927,9,3,1,1,2
0.964672555,40,3,0.382964747,928928,9,3,1,1,2
0.964672555,40,3,0.382964747,929929,9,3,1,1,2
0.964672555,40,3,0.382964747,930930,9,3,1,1,2
0.964672555,40,3,0.382964747,931931,9,3,1,1,2
0.964672555,40,3,0.382964747,932932,9,3,1,1,2
0.964672555,40,3,0.382964747,933933,9,3,1,1,2
0.964672555,40,3,0.382964747,934934,9,3,1,1,2
0.964672555,40,3,0.382964747,935935,9,3,1,1,2
0.964672555,40,3,0.382964747,936936,9,3,1,1,2
0.964672555,40,3,0.382964747,937937,9,3,1,1,2
0.964672555,40,3,0.382964747,938938,9,3,1,1,2
0.964672555,40,3,0.382964747,939939,9,3,1,1,2
0.964672555,40,3,0.382964747,940940,9,3,1,1,2
0.964672555,40,3,0.382964747,941941,9,3,1,1,2
0.964672555,40,3,0.382964747,942942,9,3,1,1,2
0.964672555,40,3,0.382964747,943943,9,3,1,1,2
0.964672555,40,3,0.382964747,944944,9,3,1,1,2
0.964672555,40,3,0.382964747,945945,9,3,1,1,2
0.964672555,40,3,0.382964747,946946,9,3,1,1,2
0.964672555,40,3,0.382964747,947947,9,3,1,1,2
0.964672555,40,3,0.382964747,948948,9,3,1,1,2
0.964672555,40,3,0.382964747,949949,9,3,1,1,2
0.964672555,40,3,0.382964747,950950,9,3,1,1,2
0.964672555,40,3,0.382964747,951951,9,3,1,1,2
0.964672555,40,3,0.382964747,952952,9,3,1,1,2
0.964672555,40,3,0.382964747,953953,9,3,1,1,2
0.964672555,40,3,0.382964747,954954,9,3,1,1,2
0.964672555,40,3,0.382964747,955955,9,3,1,1,2
0.964672555,40,3,0.382964747,956956,9,3,1,1,2
0.964672555,40,3,0.382964747,957957,9,3,1,1,2
0.964672555,40,3,0.382964747,958958,9,3,1,1,2
0.964672555,40,3,0.382964747,959959,9,3,1,1,2
0.964672555,40,3,0.382964747,960960,9,3,1,1,2
0.964672555,40,3,0.382964747,961961,9,3,1,1,2
0.964672555,40,3,0.382964747,962962,9,3,1,1,2
0.964672555,40,3,0.382964747,963963,9,3,1,1,2
0.964672555,40,3,0.382964747,964964,9,3,1,1,2
0.964672555,40,3,0.382964747,965965,9,3,1,1,2
0.964672555,40,3,0.382964747,966966,9,3,1,1,2
0.964672555,40,3,0.382964747,967967,9,3,1,1,2
0.964672555,40,3,0.382964747,968968,9,3,1,1,2
0.964672555,40,3,0.382964747,969969,9,3,1,1,2
0.964672555,40,3,0.382964747,970970,9,3,1,1,2
0.964672555,40,3,0.382964747,971971,9,3,1,1,2
0.964672555,40,3,0.382964747,972972,9,3,1,1,2
0.964672555,40,3,0.382964747,973973,9,3,1,1,2
0.964672555,40,3,0.382964747,974974,9,3,1,1,2
0.964672555,40,3,0.382964747,975975,9,3,1,1,2
0.964672555,40,3,0.382964747,976976,9,3,1,1,2
0.964672555,40,3,0.382964747,977977,9,3,1,1,2
0.964672555,40,3,0.382964747,978978,9,3,1,1,2
0.964672555,40,3,0.382964747,979979,9,3,1,1,2
0.964672555,40,3,0.382964747,980980,9,3,1,1,2
0.964672555,40,3,0.382964747,981981,9,3,1,1,2
0.964672555,40,3,0.382964747,982982,9,3,1,1,2
0.964672555,40,3,0.382964747,983983,9,3,1,1,2
0.964672555,40,3,0.382964747,984984,9,3,1,1,2
0.964672555,40,3,0.382964747,985985,9,3,1,1,2
0.964672555,40,3,0.382964747,986986,9,3,1,1,2
0.964672555,40,3,0.382964747,987987,9,3,1,1,2
0.964672555,40,3,0.382964747,988988,9,3,1,1,2
0.964672555,40,3,0.382964747,989989,9,3,1,1,2
0.964672555,40,3,0.382964747,990990,9,3,1,1,2
0.964672555,40,3,0.382964747,991991,9,3,1,1,2
0.964672555,40,3,0.382964747,992992,9,3,1,1,2
0.964672555,40,3,0.382964747,993993,9,3,1,1,2
0.964672555,40,3,0.382964747,994994,9,3,1,1,2
0.964672555,40,3,0.382964747,995995,9,3,1,1,2
0.964672555,40,3,0.382964747,996996,9,3,1,1,2
0.964672555,40,3,0.382964747,997997,9,3,1,1,2
0.964672555,40,3,0.382964747,998998,9,3,1,1,2
0.964672555,40,3,0.382964747,1000000,9,3,1,1,2
